<?xml version="1.0" encoding="UTF-8"?><TaskList Version="2.0"><Task ConnectorKind="local" RepositoryUrl="local" TaskId="1" Handle="local-1" Label="Hibernate session creator" Priority="P3" Kind="task" IssueURL="" Notes="1. use the entity&#13;&#10;2. use the cfg.xml -- for the connnection configuration.&#13;&#10;&#13;&#10;====================&#13;&#10;1. create factory&#13;&#10;2. create session based on the factory&#13;&#10;&#13;&#10;====================&#13;&#10;&#13;&#10;classes used. &#13;&#10;&#13;&#10;&#13;&#10;&#13;&#10;&#13;&#10;1. new configuration().config(&quot;hibernate.xml&quot;).addAnnotation(&quot;add the classe&quot;).buildSessionFactory()&#13;&#10;&#13;&#10;2. step 1 returns object of &#13;&#10;    sessionFactory type&#13;&#10;    &#13;&#10;3. get currentsession.&#13;&#10;&#13;&#10;" Estimated="0" EndDate="" CreationDate="2020-12-15 09:01:03.370 -0500" ModificationDate="" DueDate="" Owner="local" Active="false" ScheduledStartDate="2020-12-13 00:00:00.0 -0500" ScheduledEndDate="2020-12-19 23:59:59.999 -0500" Reminded="false" MarkReadPending="false" NotifiedIncoming="true" offlineSyncState="SYNCHRONIZED"><SubTask Handle="local-2"/></Task><Task ConnectorKind="local" RepositoryUrl="local" TaskId="3" Handle="local-3" Label="JDBC Connection test" Priority="P3" Kind="task" Notes="// connection to the database&#13;&#10;&#13;&#10;1. perform a simple jdbc connection" Estimated="0" EndDate="" CreationDate="2020-12-17 15:13:28.747 -0500" ModificationDate="" DueDate="" Owner="local" Active="false" ScheduledStartDate="2020-12-13 00:00:00.0 -0500" ScheduledEndDate="2020-12-19 23:59:59.999 -0500" Reminded="false" MarkReadPending="false" NotifiedIncoming="true" offlineSyncState="SYNCHRONIZED"/><Task ConnectorKind="local" RepositoryUrl="local" TaskId="2" Handle="local-2" Label="query table" Priority="P3" Kind="task" IssueURL="" Notes="" Estimated="0" EndDate="" CreationDate="2020-12-15 12:41:16.743 -0500" ModificationDate="" DueDate="" Owner="local" Active="false" ScheduledStartDate="2020-12-13 00:00:00.0 -0500" ScheduledEndDate="2020-12-19 23:59:59.999 -0500" Reminded="false" MarkReadPending="false" NotifiedIncoming="true" offlineSyncState="SYNCHRONIZED"/><TaskCategory Handle="handle-1" Name="Hibernate"><TaskReference Handle="local-1"/><TaskReference Handle="local-3"/></TaskCategory><TaskCategory Handle="Uncategorized" Name="Uncategorized"/></TaskList>