<?xml version="1.0" encoding="UTF-8"?><InteractionHistory Id="local-1" Version="1"><InteractionEvent Delta="null" EndDate="2020-12-15 14:41:20.597 EST" Interest="18.734001" Kind="propagation" Navigation="org.eclipse.mylyn.core.model.edges.containment" OriginId="org.eclipse.mylyn.core.model.interest.propagation" StartDate="2020-12-15 10:03:21.733 EST" StructureHandle="=Spring-Hibernate-CustomerTable/src&amp;lt;com.springHibernateCustomerVendorEntities" StructureKind="java" NumEvents="26" CreationCount="7"/><InteractionEvent Delta="null" EndDate="2020-12-15 12:41:30.986 EST" Interest="1.0" Kind="selection" Navigation="null" OriginId="org.eclipse.jdt.ui.PackageExplorer" StartDate="2020-12-15 12:41:30.986 EST" StructureHandle="=Spring-Hibernate-CustomerTable/src&amp;lt;com.springHibernateCustomerVendorEntities" StructureKind="java"/><InteractionEvent Delta="null" EndDate="2020-12-15 12:44:09.884 EST" Interest="1.0" Kind="selection" Navigation="null" OriginId="org.eclipse.jdt.ui.TypeHierarchy" StartDate="2020-12-15 12:44:09.884 EST" StructureHandle="=Spring-Hibernate-CustomerTable/lib\/hibernate-core-5.4.25.Final.jar&amp;lt;org.hibernate(Session.class[Session~save~Ljava.lang.Object;" StructureKind="java"/><InteractionEvent Delta="null" EndDate="2020-12-15 12:53:47.423 EST" Interest="1.0" Kind="selection" Navigation="null" OriginId="org.eclipse.jdt.ui.TypeHierarchy" StartDate="2020-12-15 12:53:47.423 EST" StructureHandle="=Spring-Hibernate-CustomerTable/lib\/javax.persistence-api-2.2.jar&amp;lt;javax.persistence(EntityManager.class[EntityManager~createNamedQuery~Ljava.lang.String;" StructureKind="java"/><InteractionEvent Delta="null" EndDate="2020-12-15 14:43:10.843 EST" Interest="482.221" Kind="propagation" Navigation="org.eclipse.mylyn.core.model.edges.containment" OriginId="org.eclipse.mylyn.core.model.interest.propagation" StartDate="2020-12-15 10:03:21.733 EST" StructureHandle="/Spring-Hibernate-CustomerTable/src/com" StructureKind="resource" NumEvents="483" CreationCount="7"/><InteractionEvent Delta="null" EndDate="2020-12-15 12:53:22.879 EST" Interest="3.0" Kind="propagation" Navigation="null" OriginId="org.eclipse.jdt.ui.TypeHierarchy" StartDate="2020-12-15 12:44:09.885 EST" StructureHandle="/Spring-Hibernate-CustomerTable/lib/hibernate-core-5.4.25.Final.jar" StructureKind="resource" NumEvents="3" CreationCount="57"/><InteractionEvent Delta="null" EndDate="2020-12-15 12:53:47.423 EST" Interest="2.4620001" Kind="propagation" Navigation="org.eclipse.mylyn.core.model.edges.containment" OriginId="org.eclipse.mylyn.core.model.interest.propagation" StartDate="2020-12-15 12:48:04.618 EST" StructureHandle="=Spring-Hibernate-CustomerTable/lib\/javax.persistence-api-2.2.jar&amp;lt;javax.persistence(EntityManager.class[EntityManager" StructureKind="java" NumEvents="3" CreationCount="65"/><InteractionEvent Delta="null" EndDate="2020-12-15 12:53:47.356 EST" Interest="2.0" Kind="selection" Navigation="null" OriginId="org.eclipse.jdt.ui.TypeHierarchy" StartDate="2020-12-15 12:48:04.618 EST" StructureHandle="=Spring-Hibernate-CustomerTable/lib\/javax.persistence-api-2.2.jar&amp;lt;javax.persistence(EntityManager.class[EntityManager~createQuery~Ljavax.persistence.criteria.CriteriaUpdate;" StructureKind="java" NumEvents="2" CreationCount="65"/><InteractionEvent Delta="null" EndDate="2020-12-15 12:53:47.356 EST" Interest="0.4280001" Kind="manipulation" Navigation="null" OriginId="org.eclipse.mylyn.core.model.interest.decay.correction" StartDate="2020-12-15 12:53:47.356 EST" StructureHandle="=Spring-Hibernate-CustomerTable/lib\/javax.persistence-api-2.2.jar&amp;lt;javax.persistence(EntityManager.class[EntityManager~createQuery~Ljavax.persistence.criteria.CriteriaUpdate;" StructureKind="java"/><InteractionEvent Delta="null" EndDate="2020-12-15 14:43:10.843 EST" Interest="555.0" Kind="propagation" Navigation="null" OriginId="org.eclipse.jdt.ui.CompilationUnitEditor" StartDate="2020-12-15 10:03:12.950 EST" StructureHandle="/Spring-Hibernate-CustomerTable/src" StructureKind="resource" NumEvents="555" CreationCount="1"/><InteractionEvent Delta="null" EndDate="2020-12-15 14:43:10.843 EST" Interest="326.65698" Kind="propagation" Navigation="org.eclipse.mylyn.core.model.edges.containment" OriginId="org.eclipse.mylyn.core.model.interest.propagation" StartDate="2020-12-15 10:03:12.950 EST" StructureHandle="=Spring-Hibernate-CustomerTable/src" StructureKind="java" NumEvents="463" CreationCount="1"/><InteractionEvent Delta="null" EndDate="2020-12-15 13:08:09.619 EST" Interest="5.0" Kind="edit" Navigation="null" OriginId="org.eclipse.wst.xml.ui.internal.tabletree.XMLMultiPageEditorPart" StartDate="2020-12-15 10:03:13.1 EST" StructureHandle="/Spring-Hibernate-CustomerTable/src/Hibernate_self.cfg.xml" StructureKind="resource" NumEvents="5" CreationCount="1"/><InteractionEvent Delta="null" EndDate="2020-12-15 13:08:09.578 EST" Interest="9.0" Kind="selection" Navigation="null" OriginId="org.eclipse.wst.xml.ui.internal.tabletree.XMLMultiPageEditorPart" StartDate="2020-12-15 10:03:12.949 EST" StructureHandle="/Spring-Hibernate-CustomerTable/src/Hibernate_self.cfg.xml" StructureKind="resource" NumEvents="9" CreationCount="1"/><InteractionEvent Delta="null" EndDate="2020-12-15 14:32:03.457 EST" Interest="2.0" Kind="selection" Navigation="null" OriginId="org.eclipse.jdt.ui.CompilationUnitEditor" StartDate="2020-12-15 13:01:16.360 EST" StructureHandle="=Spring-Hibernate-CustomerTable/src&amp;lt;com.springHibernateConnection{HibernateSessionCreator.java[HibernateSessionCreator~insertData~QSession;" StructureKind="java" NumEvents="2" CreationCount="210"/><InteractionEvent Delta="null" EndDate="2020-12-15 14:32:03.457 EST" Interest="2.1280003" Kind="manipulation" Navigation="null" OriginId="org.eclipse.mylyn.core.model.interest.decay.correction" StartDate="2020-12-15 14:32:03.457 EST" StructureHandle="=Spring-Hibernate-CustomerTable/src&amp;lt;com.springHibernateConnection{HibernateSessionCreator.java[HibernateSessionCreator~insertData~QSession;" StructureKind="java"/><InteractionEvent Delta="null" EndDate="2020-12-15 14:35:45.265 EST" Interest="1.0" Kind="edit" Navigation="null" OriginId="org.eclipse.jdt.ui.CompilationUnitEditor" StartDate="2020-12-15 14:35:45.265 EST" StructureHandle="=Spring-Hibernate-CustomerTable/src&amp;lt;com.springHibernateCustomerVendorEntities{CustomerEntity.java[CustomerEntity^locaton" StructureKind="java"/><InteractionEvent Delta="null" EndDate="2020-12-15 14:35:21.576 EST" Interest="2.0" Kind="selection" Navigation="null" OriginId="org.eclipse.jdt.ui.CompilationUnitEditor" StartDate="2020-12-15 14:30:46.114 EST" StructureHandle="=Spring-Hibernate-CustomerTable/src&amp;lt;com.springHibernateCustomerVendorEntities{CustomerEntity.java[CustomerEntity^locaton" StructureKind="java" NumEvents="2" CreationCount="377"/><InteractionEvent Delta="null" EndDate="2020-12-15 14:36:20.56 EST" Interest="4.7340016" Kind="propagation" Navigation="org.eclipse.mylyn.core.model.edges.containment" OriginId="org.eclipse.mylyn.core.model.interest.propagation" StartDate="2020-12-15 12:40:57.39 EST" StructureHandle="=Spring-Hibernate-CustomerTable/src&amp;lt;com.springHibernateCustomerVendorEntities{CustomerEntity.java" StructureKind="java" NumEvents="11" CreationCount="7"/><InteractionEvent Delta="null" EndDate="2020-12-15 14:41:20.535 EST" Interest="15.0" Kind="selection" Navigation="null" OriginId="org.eclipse.jdt.ui.CompilationUnitEditor" StartDate="2020-12-15 10:03:21.733 EST" StructureHandle="=Spring-Hibernate-CustomerTable/src&amp;lt;com.springHibernateCustomerVendorEntities{CustomerEntity.java" StructureKind="java" NumEvents="15" CreationCount="7"/><InteractionEvent Delta="null" EndDate="2020-12-15 12:44:09.884 EST" Interest="1.0" Kind="propagation" Navigation="org.eclipse.mylyn.core.model.edges.containment" OriginId="org.eclipse.mylyn.core.model.interest.propagation" StartDate="2020-12-15 12:44:09.884 EST" StructureHandle="=Spring-Hibernate-CustomerTable/lib\/hibernate-core-5.4.25.Final.jar&amp;lt;org.hibernate(Session.class[Session" StructureKind="java"/><InteractionEvent Delta="null" EndDate="2020-12-15 12:53:22.878 EST" Interest="2.0" Kind="selection" Navigation="null" OriginId="org.eclipse.jdt.ui.TypeHierarchy" StartDate="2020-12-15 12:44:09.889 EST" StructureHandle="=Spring-Hibernate-CustomerTable/lib\/hibernate-core-5.4.25.Final.jar&amp;lt;org.hibernate(Session.class[Session" StructureKind="java" NumEvents="2" CreationCount="57"/><InteractionEvent Delta="null" EndDate="2020-12-15 12:53:48.206 EST" Interest="3.4620001" Kind="propagation" Navigation="org.eclipse.mylyn.core.model.edges.containment" OriginId="org.eclipse.mylyn.core.model.interest.propagation" StartDate="2020-12-15 12:48:04.619 EST" StructureHandle="=Spring-Hibernate-CustomerTable/lib\/javax.persistence-api-2.2.jar&amp;lt;javax.persistence" StructureKind="java" NumEvents="4" CreationCount="65"/><InteractionEvent Delta="null" EndDate="2020-12-15 13:00:10.264 EST" Interest="5.0" Kind="edit" Navigation="null" OriginId="org.eclipse.jdt.ui.CompilationUnitEditor" StartDate="2020-12-15 12:59:37.327 EST" StructureHandle="=Spring-Hibernate-CustomerTable/src&amp;lt;com.springHibernateConnection{HibernateSessionCreator.java[HibernateSessionCreator~printDate" StructureKind="java" NumEvents="5" CreationCount="36"/><InteractionEvent Delta="null" EndDate="2020-12-15 12:59:36.278 EST" Interest="3.0" Kind="selection" Navigation="null" OriginId="org.eclipse.jdt.ui.CompilationUnitEditor" StartDate="2020-12-15 12:42:58.736 EST" StructureHandle="=Spring-Hibernate-CustomerTable/src&amp;lt;com.springHibernateConnection{HibernateSessionCreator.java[HibernateSessionCreator~printDate" StructureKind="java" NumEvents="3" CreationCount="36"/><InteractionEvent Delta="null" EndDate="2020-12-15 12:59:36.278 EST" Interest="0.72000027" Kind="manipulation" Navigation="null" OriginId="org.eclipse.mylyn.core.model.interest.decay.correction" StartDate="2020-12-15 12:59:36.278 EST" StructureHandle="=Spring-Hibernate-CustomerTable/src&amp;lt;com.springHibernateConnection{HibernateSessionCreator.java[HibernateSessionCreator~printDate" StructureKind="java"/><InteractionEvent Delta="null" EndDate="2020-12-15 14:41:20.597 EST" Interest="58.0" Kind="propagation" Navigation="null" OriginId="org.eclipse.jdt.ui.CompilationUnitEditor" StartDate="2020-12-15 10:03:21.733 EST" StructureHandle="/Spring-Hibernate-CustomerTable/src/com/springHibernateCustomerVendorEntities/CustomerEntity.java" StructureKind="resource" NumEvents="58" CreationCount="7"/><InteractionEvent Delta="null" EndDate="2020-12-15 12:53:48.206 EST" Interest="4.0" Kind="propagation" Navigation="null" OriginId="org.eclipse.jdt.ui.ClassFileEditorNoSource" StartDate="2020-12-15 12:48:04.619 EST" StructureHandle="/Spring-Hibernate-CustomerTable/lib/javax.persistence-api-2.2.jar" StructureKind="resource" NumEvents="4" CreationCount="65"/><InteractionEvent Delta="null" EndDate="2020-12-15 12:53:47.357 EST" Interest="0.44500005" Kind="manipulation" Navigation="null" OriginId="org.eclipse.mylyn.core.model.interest.decay.correction" StartDate="2020-12-15 12:53:47.357 EST" StructureHandle="/Spring-Hibernate-CustomerTable/lib/javax.persistence-api-2.2.jar" StructureKind="resource"/><InteractionEvent Delta="null" EndDate="2020-12-15 12:39:53.315 EST" Interest="1.0" Kind="propagation" Navigation="org.eclipse.mylyn.core.model.edges.containment" OriginId="org.eclipse.mylyn.core.model.interest.propagation" StartDate="2020-12-15 12:39:53.315 EST" StructureHandle="=Spring-Hibernate-CustomerTable/src&amp;lt;com.springHibernateCustomerVendorEntities{CustomerEntity.java[CustomerEntity" StructureKind="java"/><InteractionEvent Delta="null" EndDate="2020-12-15 14:36:02.332 EST" Interest="11.0" Kind="edit" Navigation="null" OriginId="org.eclipse.jdt.ui.CompilationUnitEditor" StartDate="2020-12-15 12:41:17.150 EST" StructureHandle="=Spring-Hibernate-CustomerTable/src&amp;lt;com.springHibernateCustomerVendorEntities{CustomerEntity.java[CustomerEntity" StructureKind="java" NumEvents="11" CreationCount="9"/><InteractionEvent Delta="null" EndDate="2020-12-15 14:36:17.7 EST" Interest="10.0" Kind="selection" Navigation="null" OriginId="org.eclipse.jdt.ui.CompilationUnitEditor" StartDate="2020-12-15 12:40:57.38 EST" StructureHandle="=Spring-Hibernate-CustomerTable/src&amp;lt;com.springHibernateCustomerVendorEntities{CustomerEntity.java[CustomerEntity" StructureKind="java" NumEvents="10" CreationCount="9"/><InteractionEvent Delta="null" EndDate="2020-12-15 14:43:10.843 EST" Interest="312.33398" Kind="propagation" Navigation="org.eclipse.mylyn.core.model.edges.containment" OriginId="org.eclipse.mylyn.core.model.interest.propagation" StartDate="2020-12-15 12:41:46.185 EST" StructureHandle="=Spring-Hibernate-CustomerTable/src&amp;lt;com.springHibernateConnection{HibernateSessionCreator.java" StructureKind="java" NumEvents="450" CreationCount="20"/><InteractionEvent Delta="null" EndDate="2020-12-15 14:41:21.922 EST" Interest="14.0" Kind="selection" Navigation="null" OriginId="org.eclipse.jdt.ui.CompilationUnitEditor" StartDate="2020-12-15 12:41:31.451 EST" StructureHandle="=Spring-Hibernate-CustomerTable/src&amp;lt;com.springHibernateConnection{HibernateSessionCreator.java" StructureKind="java" NumEvents="14" CreationCount="20"/><InteractionEvent Delta="null" EndDate="2020-12-15 14:43:10.843 EST" Interest="482.0" Kind="propagation" Navigation="org.eclipse.mylyn.core.model.edges.containment" OriginId="org.eclipse.mylyn.core.model.interest.propagation" StartDate="2020-12-15 12:41:31.451 EST" StructureHandle="/Spring-Hibernate-CustomerTable/src/com/springHibernateConnection" StructureKind="resource" NumEvents="482" CreationCount="20"/><InteractionEvent Delta="null" EndDate="2020-12-15 14:41:20.597 EST" Interest="59.0" Kind="propagation" Navigation="null" OriginId="org.eclipse.jdt.ui.CompilationUnitEditor" StartDate="2020-12-15 10:03:21.733 EST" StructureHandle="/Spring-Hibernate-CustomerTable/src/com/springHibernateCustomerVendorEntities" StructureKind="resource" NumEvents="59" CreationCount="7"/><InteractionEvent Delta="null" EndDate="2020-12-15 12:52:16.130 EST" Interest="2.0" Kind="selection" Navigation="null" OriginId="org.eclipse.jdt.ui.CompilationUnitEditor" StartDate="2020-12-15 12:41:29.919 EST" StructureHandle="=Spring-Hibernate-CustomerTable/src&amp;lt;com.springHibernateCustomerVendorEntities{CustomerEntity.java[CustomerEntity~setLastName~QString;" StructureKind="java" NumEvents="2" CreationCount="16"/><InteractionEvent Delta="null" EndDate="2020-12-15 12:52:16.130 EST" Interest="0.6660001" Kind="manipulation" Navigation="null" OriginId="org.eclipse.mylyn.core.model.interest.decay.correction" StartDate="2020-12-15 12:52:16.130 EST" StructureHandle="=Spring-Hibernate-CustomerTable/src&amp;lt;com.springHibernateCustomerVendorEntities{CustomerEntity.java[CustomerEntity~setLastName~QString;" StructureKind="java"/><InteractionEvent Delta="null" EndDate="2020-12-15 12:53:48.206 EST" Interest="4.5810003" Kind="propagation" Navigation="org.eclipse.mylyn.core.model.edges.containment" OriginId="org.eclipse.mylyn.core.model.interest.propagation" StartDate="2020-12-15 12:44:09.885 EST" StructureHandle="/Spring-Hibernate-CustomerTable/lib" StructureKind="resource" NumEvents="5" CreationCount="57"/><InteractionEvent Delta="null" EndDate="2020-12-15 12:53:22.879 EST" Interest="3.0" Kind="propagation" Navigation="org.eclipse.mylyn.core.model.edges.containment" OriginId="org.eclipse.mylyn.core.model.interest.propagation" StartDate="2020-12-15 12:44:09.885 EST" StructureHandle="=Spring-Hibernate-CustomerTable/lib\/hibernate-core-5.4.25.Final.jar" StructureKind="java" NumEvents="3" CreationCount="57"/><InteractionEvent Delta="null" EndDate="2020-12-15 14:43:10.843 EST" Interest="555.0" Kind="propagation" Navigation="org.eclipse.mylyn.core.model.edges.containment" OriginId="org.eclipse.mylyn.core.model.interest.propagation" StartDate="2020-12-15 10:03:12.950 EST" StructureHandle="/" StructureKind="resource" NumEvents="555" CreationCount="1"/><InteractionEvent Delta="null" EndDate="2020-12-15 14:43:10.843 EST" Interest="326.3" Kind="propagation" Navigation="org.eclipse.mylyn.core.model.edges.containment" OriginId="org.eclipse.mylyn.core.model.interest.propagation" StartDate="2020-12-15 12:41:41.87 EST" StructureHandle="=Spring-Hibernate-CustomerTable/src&amp;lt;com.springHibernateConnection{HibernateSessionCreator.java[HibernateSessionCreator" StructureKind="java" NumEvents="458" CreationCount="22"/><InteractionEvent Delta="null" EndDate="2020-12-15 12:53:48.206 EST" Interest="3.4620001" Kind="propagation" Navigation="org.eclipse.mylyn.core.model.edges.containment" OriginId="org.eclipse.mylyn.core.model.interest.propagation" StartDate="2020-12-15 12:48:04.619 EST" StructureHandle="=Spring-Hibernate-CustomerTable/lib\/javax.persistence-api-2.2.jar" StructureKind="java" NumEvents="4" CreationCount="65"/><InteractionEvent Delta="null" EndDate="2020-12-15 12:53:47.423 EST" Interest="2.4620001" Kind="propagation" Navigation="org.eclipse.mylyn.core.model.edges.containment" OriginId="org.eclipse.mylyn.core.model.interest.propagation" StartDate="2020-12-15 12:48:04.619 EST" StructureHandle="=Spring-Hibernate-CustomerTable/lib\/javax.persistence-api-2.2.jar&amp;lt;javax.persistence(EntityManager.class" StructureKind="java" NumEvents="3" CreationCount="65"/><InteractionEvent Delta="null" EndDate="2020-12-15 12:53:48.206 EST" Interest="1.0" Kind="selection" Navigation="null" OriginId="org.eclipse.jdt.ui.ClassFileEditorNoSource" StartDate="2020-12-15 12:53:48.206 EST" StructureHandle="=Spring-Hibernate-CustomerTable/lib\/javax.persistence-api-2.2.jar&amp;lt;javax.persistence(EntityManager.class" StructureKind="java"/><InteractionEvent Delta="null" EndDate="2020-12-15 14:30:42.249 EST" Interest="3.0" Kind="selection" Navigation="null" OriginId="org.eclipse.jdt.ui.CompilationUnitEditor" StartDate="2020-12-15 12:39:53.315 EST" StructureHandle="=Spring-Hibernate-CustomerTable/src&amp;lt;com.springHibernateCustomerVendorEntities{CustomerEntity.java[CustomerEntity^id" StructureKind="java" NumEvents="3" CreationCount="9"/><InteractionEvent Delta="null" EndDate="2020-12-15 14:30:42.249 EST" Interest="4.222" Kind="manipulation" Navigation="null" OriginId="org.eclipse.mylyn.core.model.interest.decay.correction" StartDate="2020-12-15 13:10:14.283 EST" StructureHandle="=Spring-Hibernate-CustomerTable/src&amp;lt;com.springHibernateCustomerVendorEntities{CustomerEntity.java[CustomerEntity^id" StructureKind="java" NumEvents="2" CreationCount="9"/><InteractionEvent Delta="null" EndDate="2020-12-15 14:36:23.362 EST" Interest="3.0" Kind="edit" Navigation="null" OriginId="org.eclipse.jdt.ui.CompilationUnitEditor" StartDate="2020-12-15 14:36:04.270 EST" StructureHandle="=Spring-Hibernate-CustomerTable/src&amp;lt;com.springHibernateCustomerVendorEntities{CustomerEntity.java[CustomerEntity~CustomerEntity" StructureKind="java" NumEvents="3" CreationCount="444"/><InteractionEvent Delta="null" EndDate="2020-12-15 14:41:20.596 EST" Interest="3.0" Kind="selection" Navigation="null" OriginId="org.eclipse.jdt.ui.CompilationUnitEditor" StartDate="2020-12-15 14:36:03.454 EST" StructureHandle="=Spring-Hibernate-CustomerTable/src&amp;lt;com.springHibernateCustomerVendorEntities{CustomerEntity.java[CustomerEntity~CustomerEntity" StructureKind="java" NumEvents="3" CreationCount="444"/><InteractionEvent Delta="null" EndDate="2020-12-15 13:10:01.914 EST" Interest="1.0" Kind="edit" Navigation="null" OriginId="org.eclipse.jdt.ui.CompilationUnitEditor" StartDate="2020-12-15 13:10:01.914 EST" StructureHandle="=Spring-Hibernate-CustomerTable/src&amp;lt;com.springHibernateCustomerVendorEntities{CustomerEntity.java[CustomerEntity^lastName" StructureKind="java"/><InteractionEvent Delta="null" EndDate="2020-12-15 13:10:12.279 EST" Interest="2.0" Kind="selection" Navigation="null" OriginId="org.eclipse.jdt.ui.CompilationUnitEditor" StartDate="2020-12-15 13:10:00.186 EST" StructureHandle="=Spring-Hibernate-CustomerTable/src&amp;lt;com.springHibernateCustomerVendorEntities{CustomerEntity.java[CustomerEntity^lastName" StructureKind="java" NumEvents="2" CreationCount="283"/><InteractionEvent Delta="null" EndDate="2020-12-15 12:53:22.879 EST" Interest="3.0" Kind="propagation" Navigation="org.eclipse.mylyn.core.model.edges.containment" OriginId="org.eclipse.mylyn.core.model.interest.propagation" StartDate="2020-12-15 12:44:09.885 EST" StructureHandle="=Spring-Hibernate-CustomerTable/lib\/hibernate-core-5.4.25.Final.jar&amp;lt;org.hibernate" StructureKind="java" NumEvents="3" CreationCount="57"/><InteractionEvent Delta="null" EndDate="2020-12-15 14:43:10.843 EST" Interest="555.0" Kind="propagation" Navigation="org.eclipse.mylyn.core.model.edges.containment" OriginId="org.eclipse.mylyn.core.model.interest.propagation" StartDate="2020-12-15 10:03:12.950 EST" StructureHandle="=Spring-Hibernate-CustomerTable" StructureKind="resource" NumEvents="555" CreationCount="1"/><InteractionEvent Delta="null" EndDate="2020-12-15 14:43:10.843 EST" Interest="482.0" Kind="propagation" Navigation="null" OriginId="org.eclipse.jdt.ui.CompilationUnitEditor" StartDate="2020-12-15 12:41:31.451 EST" StructureHandle="/Spring-Hibernate-CustomerTable/src/com/springHibernateConnection/HibernateSessionCreator.java" StructureKind="resource" NumEvents="482" CreationCount="20"/><InteractionEvent Delta="null" EndDate="2020-12-15 12:53:22.879 EST" Interest="3.0" Kind="propagation" Navigation="org.eclipse.mylyn.core.model.edges.containment" OriginId="org.eclipse.mylyn.core.model.interest.propagation" StartDate="2020-12-15 12:44:09.885 EST" StructureHandle="=Spring-Hibernate-CustomerTable/lib\/hibernate-core-5.4.25.Final.jar&amp;lt;org.hibernate(Session.class" StructureKind="java" NumEvents="3" CreationCount="57"/><InteractionEvent Delta="null" EndDate="2020-12-15 14:43:10.843 EST" Interest="326.33398" Kind="propagation" Navigation="org.eclipse.mylyn.core.model.edges.containment" OriginId="org.eclipse.mylyn.core.model.interest.propagation" StartDate="2020-12-15 12:41:31.451 EST" StructureHandle="=Spring-Hibernate-CustomerTable/src&amp;lt;com.springHibernateConnection" StructureKind="java" NumEvents="464" CreationCount="20"/><InteractionEvent Delta="null" EndDate="2020-12-15 14:36:14.348 EST" Interest="2.0" Kind="edit" Navigation="null" OriginId="org.eclipse.jdt.ui.CompilationUnitEditor" StartDate="2020-12-15 14:36:13.785 EST" StructureHandle="=Spring-Hibernate-CustomerTable/src&amp;lt;com.springHibernateCustomerVendorEntities{CustomerEntity.java[CustomerEntity~CustomerEntity~QString;~QString;~QString;" StructureKind="java" NumEvents="2" CreationCount="435"/><InteractionEvent Delta="null" EndDate="2020-12-15 14:36:05.774 EST" Interest="2.0" Kind="selection" Navigation="null" OriginId="org.eclipse.jdt.ui.CompilationUnitEditor" StartDate="2020-12-15 14:35:50.242 EST" StructureHandle="=Spring-Hibernate-CustomerTable/src&amp;lt;com.springHibernateCustomerVendorEntities{CustomerEntity.java[CustomerEntity~CustomerEntity~QString;~QString;~QString;" StructureKind="java" NumEvents="2" CreationCount="435"/><InteractionEvent Delta="null" EndDate="2020-12-15 14:43:10.842 EST" Interest="439.0" Kind="edit" Navigation="null" OriginId="org.eclipse.jdt.ui.CompilationUnitEditor" StartDate="2020-12-15 12:41:44.864 EST" StructureHandle="=Spring-Hibernate-CustomerTable/src&amp;lt;com.springHibernateConnection{HibernateSessionCreator.java[HibernateSessionCreator~main~\[QString;" StructureKind="java" NumEvents="439" CreationCount="22"/><InteractionEvent Delta="null" EndDate="2020-12-15 14:41:21.981 EST" Interest="19.0" Kind="selection" Navigation="null" OriginId="org.eclipse.jdt.ui.CompilationUnitEditor" StartDate="2020-12-15 12:41:41.87 EST" StructureHandle="=Spring-Hibernate-CustomerTable/src&amp;lt;com.springHibernateConnection{HibernateSessionCreator.java[HibernateSessionCreator~main~\[QString;" StructureKind="java" NumEvents="19" CreationCount="22"/></InteractionHistory>